rank,lemma
1,le
2,de
3,un
4,être
5,et
6,à
7,il
8,avoir
9,ne
10,je
11,son
12,que
13,se
14,qui
15,ce
16,dans
17,en
18,du
19,elle
20,au
21,de
22,ce
23,le
24,pour
25,pas
26,que
27,vous
28,par
29,sur
30,faire
31,plus
32,dire
33,me
34,on
35,mon
36,lui
37,nous
38,comme
39,mais
40,pouvoir
41,avec
42,tout
43,y
44,aller
45,voir
46,en
47,bien
48,où
49,sans
50,tu
51,ou
52,leur
53,homme
54,si
55,deux
56,mettre
57,autre
58,aussi
59,celui
60,temps
61,ça
62,savoir
63,falloir
64,voici
65,quoi
66,vouloir
67,là
68,jour
69,grand
70,peu
71,moi
72,même
73,prendre
74,rien
75,notre
76,personne
77,année
78,penser
79,quand
80,demander
81,sous
82,alors
83,donner
84,trouver
85,encore
86,vie
87,vers
88,part
89,monde
90,depuis
91,cela
92,état
93,chose
94,femme
95,fois
96,parler
97,main
98,petit
99,jamais
100,car
101,cette
102,leur
103,tel
104,question
105,beaucoup
106,plusieurs
107,chaque
108,quel
109,heure
110,moins
111,paraître
112,point
113,ville
114,esprit
115,enfant
116,dernier
117,longtemps
118,nouveau
119,ainsi
120,laisser
121,pays
122,leur
123,partir
124,arriver
125,sembler
126,venir
127,vivre
128,revenir
129,devoir
130,connaître
131,croire
132,tenir
133,sentir
134,rester
135,entendre
136,sortir
137,appeler
138,comprendre
139,suivre
140,montrer
141,continuer
142,commencer
143,finir
144,changer
145,jouer
146,écrire
147,lire
148,ouvrir
149,fermer
150,gagner
151,perdre
152,attendre
153,répondre
154,regarder
155,écouter
156,parler
157,chercher
158,travailler
159,vendre
160,acheter
161,porter
162,manger
163,boire
164,dormir
165,marcher
166,courir
167,tomber
168,monter
169,descendre
170,entrer
171,retourner
172,rentrer
173,quitter
174,rencontrer
175,expliquer
176,décider
177,essayer
178,réussir
179,échouer
180,apprendre
181,enseigner
182,étudier
183,oublier
184,se souvenir
185,rappeler
186,imaginer
187,rêver
188,espérer
189,craindre
190,préférer
191,détester
192,désirer
193,souhaiter
194,accepter
195,refuser
196,proposer
197,offrir
198,recevoir
199,envoyer
200,apporter
201,emporter
202,amener
203,emmener
204,conduire
205,voyager
206,visiter
207,habiter
208,demeurer
209,exister
210,devenir
211,naître
212,mourir
213,tuer
214,sauver
215,protéger
216,défendre
217,attaquer
218,gagner
219,perdre
220,construire
221,détruire
222,créer
223,produire
224,fabriquer
225,réparer
226,casser
227,jeter
228,lancer
229,tirer
230,pousser
231,tourner
232,frapper
233,toucher
234,tenir
235,saisir
236,lâcher
237,poser
238,placer
239,ranger
240,garder
241,cacher
242,montrer
243,indiquer
244,signaler
245,annoncer
246,informer
247,avertir
248,prévenir
249,promettre
250,jurer
251,mentir
252,affirmer
253,nier
254,confirmer
255,douter
256,supposer
257,imaginer
258,deviner
259,reconnaître
260,identifier
261,distinguer
262,comparer
263,ressembler
264,différer
265,varier
266,changer
267,transformer
268,améliorer
269,empirer
270,augmenter
271,diminuer
272,réduire
273,agrandir
274,rétrécir
275,grandir
276,vieillir
277,rajeunir
278,grossir
279,maigrir
280,guérir
281,souffrir
282,supporter
283,tolérer
284,ignorer
285,négliger
286,mépriser
287,respecter
288,admirer
289,apprécier
290,aimer
291,adorer
292,détester
293,haïr
294,pardonner
295,excuser
296,punir
297,récompenser
298,féliciter
299,remercier
300,saluer
301,présenter
302,inviter
303,accueillir
304,recevoir
305,héberger
306,loger
307,nourrir
308,élever
309,soigner
310,guérir
311,blesser
312,frapper
313,battre
314,vaincre
315,perdre
316,gagner
317,jouer
318,parier
319,risquer
320,oser
321,hésiter
322,décider
323,choisir
324,préférer
325,éviter
326,empêcher
327,permettre
328,interdire
329,autoriser
330,obliger
331,forcer
332,contraindre
333,convaincre
334,persuader
335,influencer
336,inspirer
337,motiver
338,encourager
339,décourager
340,rassurer
341,inquiéter
342,effrayer
343,étonner
344,surprendre
345,choquer
346,émouvoir
347,toucher
348,intéresser
349,ennuyer
350,fatiguer
351,épuiser
352,reposer
353,détendre
354,relaxer
355,stresser
356,pays
357,région
358,ville
359,village
360,quartier
361,rue
362,route
363,chemin
364,place
365,parc
366,jardin
367,maison
368,appartement
369,bâtiment
370,immeuble
371,école
372,université
373,hôpital
374,magasin
375,marché
376,restaurant
377,café
378,bureau
379,usine
380,ferme
381,forêt
382,montagne
383,mer
384,océan
385,rivière
386,fleuve
387,lac
388,plage
389,île
390,ciel
391,soleil
392,lune
393,étoile
394,nuage
395,pluie
396,neige
397,vent
398,orage
399,tonnerre
400,éclair
401,froid
402,chaud
403,tiède
404,humide
405,sec
406,lumière
407,obscurité
408,ombre
409,couleur
410,rouge
411,bleu
412,vert
413,jaune
414,noir
415,blanc
416,gris
417,brun
418,rose
419,violet
420,orange
421,famille
422,parent
423,père
424,mère
425,frère
426,sœur
427,fils
428,fille
429,mari
430,épouse
431,ami
432,voisin
433,collègue
434,patron
435,employé
436,client
437,étudiant
438,professeur
439,médecin
440,avocat
441,ingénieur
442,artiste
443,écrivain
444,musicien
445,acteur
446,chanteur
447,peintre
448,cuisinier
449,vendeur
450,ouvrier
451,agriculteur
452,soldat
453,policier
454,pompier
455,infirmier
456,corps
457,tête
458,visage
459,front
460,œil
461,nez
462,bouche
463,dent
464,oreille
465,cou
466,épaule
467,bras
468,coude
469,main
470,doigt
471,poitrine
472,dos
473,ventre
474,jambe
475,genou
476,pied
477,peau
478,cheveu
479,os
480,cœur
481,sang
482,argent
483,prix
484,coût
485,valeur
486,richesse
487,pauvreté
488,salaire
489,dépense
490,économie
491,banque
492,compte
493,monnaie
494,dette
495,impôt
496,gouvernement
497,politique
498,loi
499,justice
500,liberté
